"Employee ID","DOB","DOJ","age_emp","exp_emp","Department_ID"
"IU196557","2/23/1983","10/31/2009","41","13","IDEPT4938"
"IU449901","9/2/1985","6/7/2009","39","15","IDEPT2357"
"IU206427","7/30/1971","5/9/2008","53","16","IDEPT4670"
"IU688905","7/20/1973","1/17/2002","51","22","IDEPT2601"
"IU634582","11/16/1991","2/13/2000","32","24","IDEPT7626"
"IU138624","5/18/1979","9/27/2006","45","18","IDEPT3778"
"IU932068","7/12/1985","5/4/2013","39","11","IDEPT4132"
"IU572796","1/14/1978","1/3/2008","46","16","IDEPT1142"
"IU134670","12/15/1980","1/15/2002","43","22","IDEPT7626"
"IU393717","4/3/1973","8/18/2009","51","15","IDEPT1825"
"IU175125","7/13/1985","10/17/2001","39","23","IDEPT1615"
"IU232618","2/12/1979","2/3/2012","45","12","IDEPT2601"
"IU760609","4/20/1983","1/1/2006","41","18","IDEPT1537"
"IU508242","4/5/1988","8/12/1999","36","25","IDEPT5109"
"IU240338","3/21/1994","2/16/2011","30","13","IDEPT5881"
"IU826824","5/22/1988","9/23/2007","36","17","IDEPT8313"
"IU544227","11/5/1990","8/15/2008","33","16","IDEPT5127"
"IU817422","7/7/1990","4/17/2006","34","18","IDEPT3778"
"IU917848","8/14/1976","8/12/2002","48","22","IDEPT2357"
"IU635586","4/28/1991","7/27/2004","33","20","IDEPT6347"
"IU423398","6/24/1990","6/9/2006","34","18","IDEPT4938"
"IU846275","9/9/1974","8/21/2008","50","16","IDEPT1615"
"IU509287","10/6/1975","11/16/2009","49","14","IDEPT1615"
"IU168857","3/22/1992","5/10/2001","32","23","IDEPT5109"
"IU125595","9/4/1992","7/9/2006","32","18","IDEPT1367"
"IU423522","7/10/1977","1/16/2006","47","18","IDEPT5109"
"IU937233","6/18/1992","6/21/2010","32","14","IDEPT5881"
"IU710285","10/25/1970","4/7/2011","52","13","IDEPT3115"
"IU951593","11/24/1991","4/11/2007","32","17","IDEPT6347"
"IU740065","4/20/1990","11/22/1999","34","24","IDEPT1423"
"IU306793","12/16/1976","2/5/2008","47","16","IDEPT1378"
"IU364794","7/10/1994","3/2/2012","30","12","IDEPT7626"
"IU877470","11/10/1991","7/31/2005","32","19","IDEPT4938"
"IU486705","2/13/1983","9/12/2001","41","23","IDEPT1825"
"IU511664","7/29/1987","7/24/2006","37","18","IDEPT1825"
"IU860113","7/26/1971","3/20/2005","53","19","IDEPT3062"
"IU271785","1/24/1970","4/12/2006","54","18","IDEPT1533"
"IU357968","5/17/1974","10/31/2012","50","10","IDEPT5528"
"IU469799","3/29/1984","6/22/2014","40","10","IDEPT8313"
"IU508314","3/20/1974","3/3/2000","50","24","IDEPT6347"
"IU940853","10/13/1983","7/30/1999","41","25","IDEPT2601"
"IU736890","12/25/1978","8/27/2010","45","14","IDEPT3778"
"IU271820","6/7/1983","9/16/2005","41","19","IDEPT1615"
"IU861380","1/15/1985","11/29/2000","39","23","IDEPT1378"
"IU782822","5/5/1974","12/1/2006","50","17","IDEPT3778"
"IU369893","5/4/1971","6/28/2002","53","22","IDEPT5109"
"IU430546","4/12/1993","11/6/2011","31","12","IDEPT2601"
"IU472467","11/13/1988","6/20/2013","35","11","IDEPT1378"
"IU904131","9/18/1980","4/3/2010","44","14","IDEPT2601"
"IU201506","9/24/1986","12/2/2006","38","17","IDEPT5127"
"IU572132","11/7/1973","5/14/2011","50","13","IDEPT4055"
"IU538421","3/28/1975","3/15/2013","49","11","IDEPT1615"
"IU353908","2/20/1987","9/11/2005","37","19","IDEPT2601"
"IU372096","2/23/1976","2/3/2012","48","12","IDEPT1615"
"IU473584","4/29/1983","6/1/2014","41","10","IDEPT7783"
"IU754974","10/5/1976","2/25/2010","48","14","IDEPT5109"
"IU242634","6/20/1984","2/23/2007","40","17","IDEPT3868"
"IU624640","10/28/1987","7/12/2014","35","10","IDEPT5881"
"IU987884","10/24/1971","11/18/2004","51","19","IDEPT2357"
"IU516465","5/15/1984","1/6/2006","40","18","IDEPT6347"
"IU246736","12/26/1972","2/8/2007","51","17","IDEPT7626"
"IU454493","8/19/1988","9/28/2002","36","22","IDEPT1142"
"IU500587","11/30/1979","3/13/2008","44","16","IDEPT2425"
"IU325868","6/15/1976","5/15/2000","48","24","IDEPT1388"
"IU616644","7/5/1973","2/19/2007","51","17","IDEPT1423"
"IU639998","4/20/1994","3/9/2004","30","20","IDEPT3115"
"IU410413","11/12/1983","2/7/2006","40","18","IDEPT4132"
"IU114595","8/20/1986","11/13/2001","38","22","IDEPT4055"
"IU476789","3/12/1993","6/16/2009","31","15","IDEPT7783"
"IU438123","1/23/1975","2/28/2011","49","13","IDEPT1378"
"IU183626","11/1/1975","11/15/2006","48","17","IDEPT5881"
"IU934207","9/8/1971","10/4/2013","53","11","IDEPT5127"
"IU582877","7/7/1970","10/5/2005","54","19","IDEPT1615"
"IU815641","9/16/1990","2/2/2010","34","14","IDEPT1825"
"IU200937","12/15/1970","9/26/2007","53","17","IDEPT6347"
"IU703247","10/13/1985","8/29/2009","39","15","IDEPT5127"
"IU184260","12/8/1970","12/12/2004","53","19","IDEPT4670"
"IU843331","2/13/1982","5/28/2011","42","13","IDEPT4938"
"IU886140","8/12/1982","1/29/2013","42","11","IDEPT1677"
"IU760362","2/14/1980","7/8/2006","44","18","IDEPT1537"
"IU766698","9/7/1982","9/21/2003","42","21","IDEPT6347"
"IU633596","1/11/1981","8/11/2011","43","13","IDEPT8379"
"IU133163","9/29/1989","4/24/2009","35","15","IDEPT5408"
"IU410918","9/8/1985","6/9/2009","39","15","IDEPT8598"
"IU418420","5/13/1978","1/31/2001","46","23","IDEPT1423"
"IU996025","6/20/1991","10/3/2008","33","16","IDEPT1142"
"IU784101","1/26/1982","4/27/2011","42","13","IDEPT1537"
"IU480856","6/10/1991","6/6/2010","33","14","IDEPT4938"
"IU507184","6/26/1986","4/25/2012","38","12","IDEPT7783"
"IU803872","4/11/1975","4/28/2011","49","13","IDEPT4132"
"IU795236","12/17/1991","5/15/2008","32","16","IDEPT6347"
"IU632540","8/15/1981","6/17/2009","43","15","IDEPT1423"
"IU672641","10/23/1975","5/17/2008","47","16","IDEPT1537"
"IU280941","8/20/1969","5/14/2014","55","10","IDEPT5109"
"IU573089","6/27/1976","6/14/2001","48","23","IDEPT1367"
"IU476100","12/13/1976","4/9/2007","47","17","IDEPT7626"
"IU169365","2/18/1982","7/22/2008","42","16","IDEPT3868"
"IU333324","2/2/1986","7/23/2000","38","24","IDEPT7005"
"IU573623","12/12/1986","12/4/2003","37","20","IDEPT5528"
"IU263609","1/17/1985","12/14/1999","39","24","IDEPT8598"
"IU799085","9/2/1977","5/13/2014","47","10","IDEPT2425"
"IU464114","11/30/1972","5/27/2003","51","21","IDEPT1378"
"IU282074","8/19/1976","8/14/2008","48","16","IDEPT1537"
"IU300723","10/16/1985","7/31/2001","39","23","IDEPT4670"
"IU311031","6/4/1970","1/20/2004","54","20","IDEPT4132"
"IU976665","11/9/1985","4/24/2002","38","22","IDEPT1367"
"IU796590","1/1/1992","3/3/2012","32","12","IDEPT5408"
"IU160380","10/6/1985","11/17/2002","39","21","IDEPT4938"
"IU124164","6/8/1971","8/16/2004","53","20","IDEPT4938"
"IU293826","11/19/1982","10/24/2007","41","15","IDEPT1615"
"IU602414","12/18/1978","9/4/2006","45","18","IDEPT2601"
"IU797991","10/14/1990","9/13/2001","34","23","IDEPT8313"
"IU718477","7/11/1994","12/24/2005","30","18","IDEPT3115"
"IU177035","2/13/1983","4/30/2011","41","13","IDEPT8379"
"IU340320","11/14/1978","12/17/2013","45","10","IDEPT4670"
"IU603759","7/18/1979","5/24/2004","45","20","IDEPT1388"
"IU352216","1/27/1979","6/18/2007","45","17","IDEPT1825"
"IU780361","10/16/1989","7/29/2005","35","19","IDEPT2054"
"IU595413","3/23/1990","11/7/2012","34","11","IDEPT5109"
"IU209624","11/5/1983","2/17/2006","40","18","IDEPT2425"
"IU885411","1/12/1985","6/20/2007","39","17","IDEPT4670"
"IU238192","7/2/1991","8/17/2008","33","16","IDEPT7626"
"IU326182","9/14/1976","3/18/2011","48","13","IDEPT1423"
"IU995116","6/30/1975","10/26/1999","49","23","IDEPT8598"
"IU976864","4/2/1973","5/17/2002","51","22","IDEPT4132"
"IU908955","7/22/1970","3/24/2006","54","18","IDEPT8313"
"IU843323","9/18/1971","2/19/2000","53","24","IDEPT2054"
"IU870897","5/28/1978","3/1/2004","46","20","IDEPT5127"
"IU216190","7/11/1970","11/3/2008","54","15","IDEPT3062"
"IU960771","2/17/1983","6/16/2002","41","22","IDEPT7626"
"IU167781","11/17/1989","4/1/2014","34","10","IDEPT8313"
"IU748850","2/19/1980","12/22/1999","44","24","IDEPT1378"
"IU680743","11/8/1973","6/8/2006","50","18","IDEPT4938"
"IU348664","8/30/1969","2/1/2002","55","22","IDEPT6347"
"IU300148","11/26/1990","1/14/2001","33","23","IDEPT1142"
"IU968470","7/27/1983","10/6/2010","41","14","IDEPT6347"
"IU338809","6/30/1991","4/22/2004","33","20","IDEPT1533"
"IU119855","2/16/1974","7/5/2013","50","11","IDEPT5109"
"IU171535","11/23/1972","10/13/2013","51","11","IDEPT1677"
"IU428631","11/27/1987","6/2/2001","36","23","IDEPT1825"
"IU674290","7/24/1983","3/29/2006","41","18","IDEPT1367"
"IU580499","12/8/1981","1/29/2011","42","13","IDEPT2054"
"IU486342","5/13/1994","10/11/2008","30","16","IDEPT7626"
"IU820511","12/24/1984","11/11/2010","39","13","IDEPT1367"
"IU407408","1/31/1973","10/19/2006","51","18","IDEPT4132"
"IU171891","4/15/1971","7/18/2003","53","21","IDEPT3115"
"IU275641","1/1/1978","1/15/2014","46","10","IDEPT4055"
"IU780299","12/5/1988","10/3/2007","35","17","IDEPT4938"
"IU300673","5/15/1984","3/28/2001","40","23","IDEPT5528"
"IU301330","11/30/1980","8/5/2001","43","23","IDEPT2357"
"IU564831","8/27/1981","5/15/2006","43","18","IDEPT1388"
"IU391736","1/19/1988","9/2/2007","36","17","IDEPT5127"
"IU133525","9/1/1978","8/26/2010","46","14","IDEPT2357"
"IU160119","7/16/1979","4/27/2003","45","21","IDEPT4132"
"IU806621","1/25/1983","7/29/2009","41","15","IDEPT1142"
"IU908741","7/7/1986","11/23/2013","38","10","IDEPT1677"
"IU821348","4/28/1980","4/13/2010","44","14","IDEPT1537"
"IU271286","6/18/1971","5/30/2007","53","17","IDEPT3868"
"IU859028","11/9/1985","12/22/2009","38","14","IDEPT1367"
"IU440953","2/10/1991","8/21/2012","33","12","IDEPT8313"
"IU782253","7/30/1988","6/3/2011","36","13","IDEPT2054"
"IU641916","1/25/1980","2/23/2008","44","16","IDEPT7005"
"IU705753","5/12/1985","2/20/2001","39","23","IDEPT1367"
"IU753520","12/5/1972","10/4/2006","51","18","IDEPT3062"
"IU829108","1/12/1976","5/11/2007","48","17","IDEPT6347"
"IU138448","4/12/1970","3/10/2003","54","21","IDEPT8313"
"IU420763","2/6/1974","5/27/2008","50","16","IDEPT7626"
"IU233038","10/2/1992","12/12/2008","32","15","IDEPT5528"
"IU695482","12/11/1977","4/18/2008","46","16","IDEPT4938"
"IU528881","12/13/1992","3/27/2011","31","13","IDEPT5127"
"IU780387","12/26/1977","2/13/2006","46","18","IDEPT7783"
"IU758744","4/20/1991","6/24/2000","33","24","IDEPT5528"
"IU614210","6/1/1979","9/2/2001","45","23","IDEPT4670"
"IU570506","9/11/1970","10/9/2005","54","19","IDEPT4670"
"IU277655","6/4/1988","9/18/2001","36","23","IDEPT5408"
"IU677053","2/1/1992","5/27/2003","32","21","IDEPT5408"
"IU661044","7/18/1989","4/8/2010","35","14","IDEPT7626"
"IU739520","5/16/1976","5/25/2001","48","23","IDEPT5881"
"IU445489","10/1/1988","1/24/2006","36","18","IDEPT5127"
"IU838077","7/18/1993","4/12/2007","31","17","IDEPT1825"
"IU164953","6/30/1991","7/26/2007","33","17","IDEPT3868"
"IU605579","7/29/1973","8/13/2007","51","17","IDEPT1677"
"IU202628","6/11/1981","5/19/2007","43","17","IDEPT8379"
"IU469763","12/17/1984","4/7/2010","39","14","IDEPT1142"
"IU429696","12/3/1993","1/12/2001","30","23","IDEPT5127"
"IU702617","9/30/1969","4/1/2008","55","16","IDEPT6347"
"IU301679","10/4/1986","1/1/2014","38","10","IDEPT1388"
"IU136186","11/3/1984","7/11/2014","39","10","IDEPT1142"
"IU226782","11/7/1978","9/9/2013","45","11","IDEPT1533"
"IU469798","6/13/1983","8/27/2008","41","16","IDEPT5109"
"IU731281","1/26/1976","7/2/2007","48","17","IDEPT5408"
"IU573049","5/8/1994","3/1/2000","30","24","IDEPT3115"
"IU845710","5/9/1972","10/26/2001","52","21","IDEPT5109"
"IU228243","3/13/1971","9/28/2003","53","21","IDEPT1615"
"IU684059","11/3/1974","3/12/2000","49","24","IDEPT6347"
"IU869693","12/26/1972","1/13/2010","51","14","IDEPT2054"
"IU418731","1/10/1983","4/13/2014","41","10","IDEPT1825"
"IU397409","10/29/1980","8/24/2006","42","18","IDEPT7783"
"IU892420","8/11/1969","8/4/2001","55","23","IDEPT7783"
"IU122721","1/21/1990","8/30/2005","34","19","IDEPT2601"
"IU512644","7/22/1989","8/1/2009","35","15","IDEPT4132"
"IU909240","1/31/1982","5/9/2014","42","10","IDEPT3115"
"IU663263","12/30/1980","2/5/2004","43","20","IDEPT5109"
"IU425212","1/22/1976","12/10/2012","48","11","IDEPT4670"
"IU202625","11/27/1976","11/14/2011","47","12","IDEPT1533"
"IU738148","1/20/1993","12/13/2013","31","10","IDEPT1388"
"IU430177","12/31/1984","10/20/2007","39","15","IDEPT4670"
"IU635288","3/13/1970","6/5/2012","54","12","IDEPT3115"
"IU789680","12/25/1981","7/9/2010","42","14","IDEPT3062"
"IU182243","1/21/1992","11/9/2008","32","15","IDEPT8313"
"IU327985","7/6/1983","8/24/2009","41","15","IDEPT4132"
"IU533528","5/20/1985","3/3/2005","39","19","IDEPT3115"
"IU723031","6/6/1981","7/20/2006","43","18","IDEPT8379"
"IU934910","1/8/1986","6/4/2009","38","15","IDEPT1537"
"IU169952","10/25/1990","3/11/2004","32","20","IDEPT5408"
"IU178366","10/25/1991","11/1/2004","31","19","IDEPT3062"
"IU721549","6/19/1991","12/2/2009","33","14","IDEPT1142"
"IU516266","9/3/1977","12/6/2004","47","19","IDEPT4670"
"IU862692","2/24/1989","10/16/2012","35","12","IDEPT1825"
"IU207880","10/22/1990","11/25/2012","32","11","IDEPT5109"
"IU820075","9/29/1970","11/3/2013","54","10","IDEPT8379"
"IU427979","10/4/1984","6/12/2012","40","12","IDEPT3062"
"IU325411","10/30/1986","3/1/2009","36","15","IDEPT1677"
"IU559192","6/6/1980","1/19/2009","44","15","IDEPT4670"
"IU642949","9/2/1989","4/24/2012","35","12","IDEPT1537"
"IU341933","7/11/1990","8/1/2012","34","12","IDEPT7005"
"IU906322","10/18/1976","1/21/2001","48","23","IDEPT4670"
"IU816890","6/21/1979","8/9/1999","45","25","IDEPT4938"
"IU506955","10/14/1972","5/19/2006","52","18","IDEPT8598"
"IU211110","4/4/1983","8/1/2012","41","12","IDEPT2601"
"IU408398","1/30/1987","7/25/2001","37","23","IDEPT1825"
"IU751501","12/14/1983","6/28/2002","40","22","IDEPT4055"
"IU170799","3/1/1974","3/12/2005","50","19","IDEPT6347"
"IU752831","1/21/1989","12/12/2005","35","18","IDEPT7783"
"IU850341","8/3/1989","1/24/2001","35","23","IDEPT7626"
"IU410633","5/1/1979","8/14/2008","45","16","IDEPT1388"
"IU864193","1/30/1993","11/12/2013","31","10","IDEPT6347"
"IU681338","12/12/1975","3/7/2009","48","15","IDEPT2601"
"IU265455","10/25/1982","2/4/2001","40","23","IDEPT8598"
"IU375598","5/22/1989","10/21/2000","35","22","IDEPT3778"
"IU508574","11/20/1970","10/10/2009","53","15","IDEPT2601"
"IU960495","6/19/1988","8/30/2003","36","21","IDEPT1537"
"IU428752","6/24/1974","6/9/2007","50","17","IDEPT3868"
"IU204067","5/2/1979","7/7/2006","45","18","IDEPT3062"
"IU208561","10/26/1988","1/31/2011","34","13","IDEPT8379"
"IU519293","9/15/1984","6/4/2009","40","15","IDEPT3062"
"IU822516","7/9/1978","5/25/2014","46","10","IDEPT5881"
"IU995320","3/5/1977","7/17/2003","47","21","IDEPT1825"
"IU964518","6/23/1981","8/23/2013","43","11","IDEPT5881"
"IU894235","11/12/1973","8/26/2012","50","12","IDEPT1615"
"IU288401","3/18/1977","9/8/1999","47","25","IDEPT3868"
"IU291748","12/15/1989","7/29/2001","34","23","IDEPT5881"
"IU241381","7/13/1994","11/16/2011","30","12","IDEPT1142"
"IU268506","7/16/1982","2/19/2007","42","17","IDEPT8598"
"IU366991","9/5/1991","10/12/2002","33","22","IDEPT5528"
"IU399810","9/28/1976","1/29/2009","48","15","IDEPT8313"
"IU312327","4/24/1975","3/17/2012","49","12","IDEPT3778"
"IU153231","10/24/1969","11/27/2007","53","16","IDEPT3115"
"IU657927","12/11/1982","5/3/2001","41","23","IDEPT2425"
"IU191586","9/18/1978","4/23/2002","46","22","IDEPT7626"
"IU246186","11/2/1986","1/19/2009","37","15","IDEPT2054"
"IU981891","4/27/1977","3/10/2009","47","15","IDEPT1378"
"IU538991","4/6/1994","3/20/2014","30","10","IDEPT5109"
"IU268651","11/23/1971","10/26/2002","52","20","IDEPT3778"
"IU738373","3/5/1978","1/14/2005","46","19","IDEPT5127"
"IU944782","8/31/1980","8/27/2007","44","17","IDEPT3115"
"IU626787","11/5/1977","8/5/2010","46","14","IDEPT2601"
"IU214283","2/24/1980","12/27/2008","44","15","IDEPT2425"
"IU510307","9/3/1988","1/25/2011","36","13","IDEPT3778"
"IU761906","12/11/1976","4/10/2013","47","11","IDEPT5109"
"IU390465","8/4/1989","5/13/2001","35","23","IDEPT3778"
"IU490542","3/31/1984","1/30/2005","40","19","IDEPT8379"
"IU349204","12/22/1981","9/27/2009","42","15","IDEPT4938"
"IU323581","2/18/1987","9/27/2008","37","16","IDEPT3115"
"IU217492","5/8/1970","11/20/2003","54","20","IDEPT2601"
"IU220175","4/3/1990","1/10/2002","34","22","IDEPT7783"
"IU821623","5/31/1977","1/1/2007","47","17","IDEPT7626"
"IU870155","9/14/1989","10/31/2008","35","14","IDEPT1388"
"IU480250","5/27/1988","1/27/2010","36","14","IDEPT1388"
"IU819549","6/11/1989","3/27/2007","35","17","IDEPT1533"
"IU187772","7/29/1983","5/11/2013","41","11","IDEPT7626"
"IU498408","9/30/1992","8/20/2005","32","19","IDEPT1677"
"IU124080","2/21/1976","10/31/2003","48","19","IDEPT1677"
"IU260788","5/10/1979","11/19/2007","45","16","IDEPT1615"
"IU366351","11/12/1976","10/16/2003","47","21","IDEPT1423"
"IU492187","12/25/1989","7/4/2014","34","10","IDEPT1142"
"IU222599","9/18/1969","8/19/2013","55","11","IDEPT3115"
"IU415304","3/27/1975","11/23/2013","49","10","IDEPT2425"
"IU947736","11/8/1988","11/24/2008","35","15","IDEPT2425"
"IU906894","9/15/1975","12/19/2010","49","13","IDEPT3115"
"IU973524","4/4/1983","2/8/2011","41","13","IDEPT1388"
"IU327964","10/29/1975","8/5/2000","47","24","IDEPT7783"
"IU370459","8/3/1990","4/22/2006","34","18","IDEPT3778"
"IU444477","4/30/1979","3/30/2005","45","19","IDEPT4132"
"IU571216","2/22/1976","10/11/2007","48","17","IDEPT1388"
"IU630070","3/13/1985","4/27/2000","39","24","IDEPT4670"
"IU317969","9/26/1986","5/25/2000","38","24","IDEPT1537"
"IU342775","6/18/1993","6/23/2011","31","13","IDEPT2601"
"IU348500","10/10/1973","8/31/2013","51","11","IDEPT4938"
"IU971602","11/10/1975","5/24/2013","48","11","IDEPT4132"
"IU610008","5/16/1973","4/23/2009","51","15","IDEPT4132"
"IU976032","7/13/1979","9/15/2006","45","18","IDEPT3868"
"IU879530","4/28/1986","1/11/2004","38","20","IDEPT5109"
"IU777655","6/11/1978","10/12/2008","46","16","IDEPT2357"
"IU146516","1/29/1987","3/6/2010","37","14","IDEPT1677"
"IU588644","2/8/1972","5/26/2002","52","22","IDEPT1615"
"IU131301","10/8/1987","5/24/2010","37","14","IDEPT5109"
"IU330011","2/24/1973","5/16/2002","51","22","IDEPT8379"
"IU437832","5/4/1972","5/6/2002","52","22","IDEPT7005"
"IU603458","8/26/1973","5/30/2004","51","20","IDEPT1367"
"IU290072","4/14/1987","3/20/2012","37","12","IDEPT4132"
"IU674734","12/20/1987","12/22/2002","36","21","IDEPT2357"
"IU410633","6/13/1973","5/26/2014","51","10","IDEPT6347"
"IU923599","5/22/1990","12/27/2011","34","12","IDEPT1142"
"IU263351","12/20/1978","4/21/2009","45","15","IDEPT3778"
"IU677544","2/11/1984","5/15/2000","40","24","IDEPT1537"
"IU304996","12/25/1987","7/13/2008","36","16","IDEPT5127"
"IU689925","2/13/1975","10/4/2007","49","17","IDEPT2357"
"IU250243","6/29/1987","2/26/2004","37","20","IDEPT5408"
"IU643936","9/2/1973","6/9/2012","51","12","IDEPT1378"
"IU320174","6/8/1972","1/22/2007","52","17","IDEPT5528"
"IU704775","11/16/1979","12/22/2004","44","19","IDEPT1367"
"IU832124","8/21/1982","2/27/2002","42","22","IDEPT1142"
"IU625266","5/18/1981","12/18/2012","43","11","IDEPT1423"
"IU528344","4/16/1978","6/13/2011","46","13","IDEPT1388"
"IU456695","3/30/1988","6/14/2008","36","16","IDEPT1825"
"IU533189","11/1/1975","11/22/2007","48","16","IDEPT4938"
"IU201056","2/28/1975","11/21/2003","49","20","IDEPT1423"
"IU906576","10/11/1979","10/30/2000","45","22","IDEPT7005"
"IU335562","8/17/1974","4/7/2014","50","10","IDEPT2357"
"IU193468","7/15/1975","11/16/2012","49","11","IDEPT5109"
"IU351745","2/22/1987","5/6/2012","37","12","IDEPT5109"
"IU345987","5/14/1987","4/8/2014","37","10","IDEPT3115"
"IU299274","10/23/1972","4/23/2002","50","22","IDEPT2054"
"IU482350","6/16/1986","11/22/2010","38","13","IDEPT5408"
"IU123559","7/25/1984","5/7/2012","40","12","IDEPT5881"
"IU698701","5/18/1987","12/28/2005","37","18","IDEPT4670"
"IU215930","11/23/1982","2/15/2002","41","22","IDEPT4938"
"IU191434","10/2/1981","12/3/2007","43","16","IDEPT6347"
"IU826622","7/29/1987","10/27/2008","37","14","IDEPT5109"
"IU817598","5/25/1979","7/2/2002","45","22","IDEPT1423"
"IU155569","12/6/1972","4/23/2013","51","11","IDEPT8379"
"IU390407","1/6/1981","5/9/2010","43","14","IDEPT8379"
"IU863998","12/8/1981","6/21/2001","42","23","IDEPT5109"
"IU922106","3/18/1985","3/2/2014","39","10","IDEPT3868"
"IU237580","5/1/1973","3/4/2014","51","10","IDEPT3062"
"IU241057","5/12/1986","8/24/2013","38","11","IDEPT4670"
"IU325317","2/15/1994","11/2/2009","30","14","IDEPT1825"
"IU616128","11/19/1993","1/21/2010","30","14","IDEPT1537"
"IU219814","10/20/1978","2/20/2012","44","12","IDEPT1533"
"IU715343","11/8/1972","1/6/2008","51","16","IDEPT1533"
"IU927129","2/5/1994","9/3/2008","30","16","IDEPT5528"
"IU548721","11/3/1970","7/29/2005","53","19","IDEPT8379"
"IU329263","12/5/1981","2/4/2000","42","24","IDEPT3778"
"IU585927","5/7/1981","5/27/2014","43","10","IDEPT8313"
"IU632690","1/2/1973","5/31/2008","51","16","IDEPT5528"
"IU319397","4/13/1994","6/28/2006","30","18","IDEPT5127"
"IU515736","5/19/1993","4/30/2000","31","24","IDEPT3115"
"IU933877","9/5/1976","7/1/2007","48","17","IDEPT1367"
"IU873202","9/2/1987","3/23/2012","37","12","IDEPT3115"
"IU752119","7/3/1978","11/4/2005","46","18","IDEPT2357"
"IU123411","2/3/1982","6/7/2013","42","11","IDEPT2425"
"IU825545","12/18/1976","6/21/2008","47","16","IDEPT1367"
"IU398297","3/6/1984","3/15/2002","40","22","IDEPT1825"
"IU466140","2/14/1977","4/18/2011","47","13","IDEPT7783"
"IU651561","11/15/1986","7/18/2007","37","17","IDEPT2357"
"IU132090","6/1/1974","4/26/2005","50","19","IDEPT1388"
"IU429751","5/26/1970","7/10/2011","54","13","IDEPT4055"
"IU498688","1/6/1993","3/11/2013","31","11","IDEPT4055"
"IU243623","12/19/1973","12/30/2013","50","10","IDEPT4938"
"IU739269","2/23/1984","8/22/2003","40","21","IDEPT1533"
"IU173065","11/19/1981","5/6/2006","42","18","IDEPT7783"
"IU293657","8/17/1993","4/1/2013","31","11","IDEPT5127"
"IU736531","11/22/1992","11/24/2011","31","12","IDEPT1378"
"IU146874","1/9/1982","9/25/2004","42","20","IDEPT1533"
"IU928832","11/20/1972","11/17/2006","51","17","IDEPT2425"
"IU567357","11/6/1978","4/17/2008","45","16","IDEPT3062"
"IU920159","12/20/1991","7/20/2004","32","20","IDEPT1537"
"IU428129","11/17/1976","11/6/2001","47","22","IDEPT1388"
"IU568060","9/1/1978","3/6/2014","46","10","IDEPT8379"
"IU855724","12/4/1977","9/18/2007","46","17","IDEPT1537"
"IU750151","5/23/1988","8/17/2001","36","23","IDEPT2425"
"IU527590","3/17/1974","8/22/2008","50","16","IDEPT2054"
"IU636090","1/13/1986","7/7/2002","38","22","IDEPT5881"
"IU752672","4/30/1975","5/21/2009","49","15","IDEPT5109"
"IU227724","4/4/1987","11/21/2005","37","18","IDEPT3868"
"IU827705","12/29/1976","3/31/2011","47","13","IDEPT7783"
"IU255180","1/14/1972","5/17/2010","52","14","IDEPT3778"
"IU361823","11/8/1984","3/28/2002","39","22","IDEPT1378"
"IU859418","3/13/1976","9/8/2006","48","18","IDEPT3778"
"IU386628","11/19/1987","11/16/2008","36","15","IDEPT4132"
"IU713667","4/25/1986","7/28/2007","38","17","IDEPT2601"
"IU542025","1/24/1976","12/8/1999","48","24","IDEPT1367"
"IU140338","7/21/1971","9/29/2001","53","23","IDEPT8313"
"IU763930","12/16/1978","5/22/2000","45","24","IDEPT7626"
"IU216642","4/25/1976","7/31/2002","48","22","IDEPT1378"
"IU662929","7/18/1979","8/9/2012","45","12","IDEPT8313"
"IU235093","11/27/1993","8/21/2004","30","20","IDEPT2054"
"IU784869","12/25/1992","8/27/2004","31","20","IDEPT5528"
"IU820355","9/7/1980","3/8/2009","44","15","IDEPT2601"
"IU221973","12/26/1993","1/12/2010","30","14","IDEPT5528"
"IU168958","3/30/1970","9/2/2006","54","18","IDEPT3778"
"IU578797","8/4/1991","1/23/2011","33","13","IDEPT2357"
"IU776397","6/19/1987","10/25/2003","37","19","IDEPT4055"
"IU920407","6/29/1982","3/29/2000","42","24","IDEPT1677"
"IU207444","12/6/1973","9/30/2011","50","13","IDEPT2601"
"IU625318","10/30/1971","4/6/2010","51","14","IDEPT5408"
"IU184903","7/13/1971","2/1/2012","53","12","IDEPT5408"
"IU598107","8/26/1984","9/30/2000","40","24","IDEPT2601"
"IU683857","5/24/1980","12/22/2005","44","18","IDEPT2425"
"IU661947","2/2/1988","6/27/2013","36","11","IDEPT2425"
"IU413078","11/16/1972","6/10/2005","51","19","IDEPT8313"
"IU248589","6/16/1990","4/6/2003","34","21","IDEPT1825"
"IU794640","2/17/1972","5/10/2012","52","12","IDEPT1388"
"IU612761","7/17/1994","11/15/2007","30","16","IDEPT5881"
"IU163934","10/14/1978","6/7/2013","46","11","IDEPT7005"
"IU246634","10/28/1987","5/13/2003","35","21","IDEPT5408"
"IU369805","6/30/1989","4/17/2004","35","20","IDEPT7626"
"IU994214","1/13/1991","12/3/2002","33","21","IDEPT7783"
"IU321723","5/7/1986","2/18/2005","38","19","IDEPT7626"
"IU815760","2/27/1988","12/23/2013","36","10","IDEPT7626"
"IU763815","4/14/1977","8/23/2003","47","21","IDEPT7626"
"IU612744","6/11/1990","8/25/1999","34","25","IDEPT1423"
"IU995250","6/8/1990","8/18/2001","34","23","IDEPT4670"
"IU742510","12/23/1970","10/7/2002","53","22","IDEPT2054"
"IU877835","11/26/1970","7/12/2007","53","17","IDEPT1615"
"IU726156","12/6/1972","5/20/2004","51","20","IDEPT3868"
"IU357109","1/20/1979","12/30/2000","45","23","IDEPT1615"
"IU309800","8/17/1992","11/26/2002","32","21","IDEPT1388"
"IU717028","7/9/1979","3/27/2010","45","14","IDEPT5881"
"IU338625","11/27/1987","7/21/2003","36","21","IDEPT3778"
"IU175504","3/5/1990","7/13/2013","34","11","IDEPT4670"
"IU969369","4/23/1978","11/2/2001","46","22","IDEPT5127"
"IU190368","10/19/1978","9/12/2004","46","20","IDEPT2054"
"IU529688","11/4/1987","12/2/2006","36","17","IDEPT5127"
"IU837169","7/31/1992","7/14/2008","32","16","IDEPT1423"
"IU388674","4/18/1992","4/7/2014","32","10","IDEPT3115"
"IU517560","7/26/1978","11/6/2006","46","17","IDEPT8313"
"IU470457","5/23/1981","6/24/2006","43","18","IDEPT5408"
"IU651302","10/29/1985","7/4/2010","37","14","IDEPT1388"
"IU151581","12/2/1974","5/28/2000","49","24","IDEPT1533"
"IU656073","1/28/1975","2/21/2006","49","18","IDEPT2425"
"IU136453","1/6/1980","10/21/1999","44","23","IDEPT4055"
"IU170457","5/18/1973","7/18/2007","51","17","IDEPT5109"
"IU401825","7/30/1993","4/23/2008","31","16","IDEPT2357"
"IU899277","11/5/1988","6/14/2009","35","15","IDEPT1142"
"IU427981","3/7/1981","5/16/2005","43","19","IDEPT8598"
"IU330126","8/7/1987","9/10/2004","37","20","IDEPT1615"
"IU537101","7/13/1992","3/31/2003","32","21","IDEPT1533"
"IU605891","1/14/1980","3/14/2012","44","12","IDEPT1423"
"IU252300","11/19/1986","3/21/2007","37","17","IDEPT2357"
"IU302290","8/4/1975","5/31/2004","49","20","IDEPT5408"
"IU525119","2/4/1978","7/1/2010","46","14","IDEPT3868"
"IU132172","4/16/1981","7/20/1999","43","25","IDEPT4055"
"IU313801","6/7/1986","8/8/2001","38","23","IDEPT1142"
"IU388666","2/13/1993","2/6/2007","31","17","IDEPT5528"
"IU180575","6/15/1982","9/4/2006","42","18","IDEPT3868"
"IU117698","4/30/1988","2/7/2009","36","15","IDEPT5528"
"IU243018","7/9/1982","1/14/2012","42","12","IDEPT3115"
"IU360008","10/5/1979","9/18/2001","45","23","IDEPT4055"
"IU687483","3/27/1987","9/17/2006","37","18","IDEPT1615"
"IU123462","10/23/1981","12/24/2004","41","19","IDEPT5528"
"IU452709","4/26/1972","9/16/2006","52","18","IDEPT8313"
"IU341934","2/1/1972","6/27/2000","52","24","IDEPT6347"
"IU813724","11/24/1981","10/28/2000","42","22","IDEPT7783"
"IU264087","4/22/1976","11/26/2001","48","22","IDEPT2357"
"IU994689","8/25/1993","3/26/2005","31","19","IDEPT5109"
"IU332671","8/3/1973","8/19/2003","51","21","IDEPT1615"
"IU141872","12/30/1981","9/17/2005","42","19","IDEPT7783"
"IU981557","10/30/1981","1/24/2014","41","10","IDEPT1378"
"IU978568","11/2/1970","10/22/2010","53","12","IDEPT4132"
"IU692670","3/3/1977","6/21/2008","47","16","IDEPT5408"
"IU769461","8/9/1973","12/27/2004","51","19","IDEPT5881"
"IU495951","1/12/1979","7/21/2008","45","16","IDEPT5109"
"IU280711","2/16/1992","8/20/2002","32","22","IDEPT1388"
"IU939315","7/7/1990","10/19/2004","34","20","IDEPT1537"
"IU508882","2/25/1993","4/18/2006","31","18","IDEPT5109"
"IU606440","2/14/1970","3/14/2003","54","21","IDEPT1367"
"IU493308","4/9/1990","7/31/2011","34","13","IDEPT4670"
"IU862282","7/27/1980","5/22/2005","44","19","IDEPT1388"
"IU735889","8/27/1981","12/1/2012","43","11","IDEPT5109"
"IU210386","11/30/1988","7/15/2007","35","17","IDEPT3115"
"IU420817","10/27/1973","12/29/2003","49","20","IDEPT2425"
"IU676965","6/14/1978","8/28/1999","46","25","IDEPT4132"
"IU668015","7/5/1994","5/19/2013","30","11","IDEPT1367"
"IU188961","5/5/1973","8/25/2011","51","13","IDEPT1367"
"IU735338","8/25/1969","4/25/2010","55","14","IDEPT2357"
"IU206620","12/2/1981","1/15/2006","42","18","IDEPT1142"
"IU804279","3/26/1987","9/11/2013","37","11","IDEPT1378"
"IU148710","1/31/1972","10/23/1999","52","23","IDEPT8379"
"IU925003","9/14/1972","5/2/2003","52","21","IDEPT1367"
"IU265380","4/21/1991","7/26/2012","33","12","IDEPT1677"
"IU967952","8/23/1980","7/31/2007","44","17","IDEPT3868"
"IU185809","2/25/1972","9/16/2008","52","16","IDEPT4670"
"IU686897","7/20/1976","12/14/2005","48","18","IDEPT8598"
"IU181001","9/17/1986","11/13/2006","38","17","IDEPT2601"
"IU612137","1/7/1982","3/31/2012","42","12","IDEPT1142"
"IU131224","12/31/1984","8/17/2007","39","17","IDEPT3778"
"IU569109","12/5/1981","6/29/2005","42","19","IDEPT5109"
"IU799895","6/3/1978","1/19/2008","46","16","IDEPT8379"
"IU839795","8/11/1976","6/22/2000","48","24","IDEPT1677"
"IU417180","1/12/1970","11/2/2002","54","21","IDEPT2357"
"IU210927","1/12/1979","7/20/2010","45","14","IDEPT4055"
"IU206105","6/23/1989","9/25/2001","35","23","IDEPT7783"
"IU383907","8/13/1990","4/15/2013","34","11","IDEPT1367"
"IU583972","7/23/1986","5/9/2008","38","16","IDEPT3778"
"IU653615","2/14/1994","3/12/2004","30","20","IDEPT1388"
"IU556080","12/16/1984","12/20/2009","39","14","IDEPT1825"
"IU684832","1/19/1988","2/14/2001","36","23","IDEPT1367"
"IU502086","3/23/1975","7/27/2013","49","11","IDEPT5109"
"IU243903","9/3/1993","6/7/2002","31","22","IDEPT4670"
"IU140464","9/19/1970","10/5/2009","54","15","IDEPT5408"
"IU828483","8/29/1989","4/30/2007","35","17","IDEPT8313"
"IU542528","4/18/1988","11/20/2000","36","23","IDEPT2601"
"IU791247","11/11/1977","9/14/2008","46","16","IDEPT1615"
"IU899908","6/29/1986","10/24/2006","38","16","IDEPT1142"
"IU682435","11/8/1985","8/6/2009","38","15","IDEPT1533"
"IU258875","1/12/1983","10/14/2002","41","22","IDEPT3115"
"IU137365","8/24/1977","7/3/2000","47","24","IDEPT4938"
"IU679069","4/6/1978","12/18/2009","46","14","IDEPT5528"
"IU139924","9/12/1982","6/6/2010","42","14","IDEPT2054"
"IU124936","4/3/1973","12/25/1999","51","24","IDEPT1615"
"IU495263","5/3/1979","1/3/2011","45","13","IDEPT3868"
"IU344433","9/11/1991","6/26/2002","33","22","IDEPT1615"
"IU186037","8/25/1975","4/7/2009","49","15","IDEPT7626"
"IU895618","8/14/1971","8/3/2006","53","18","IDEPT4938"
"IU231832","10/13/1983","7/6/2002","41","22","IDEPT8379"
"IU420314","7/26/1971","4/25/2011","53","13","IDEPT3868"
"IU539590","7/28/1993","3/30/2000","31","24","IDEPT1533"
"IU283470","3/25/1971","12/2/2005","53","18","IDEPT5881"
"IU351717","4/14/1982","4/14/2005","42","19","IDEPT1615"
"IU644580","5/3/1972","4/28/2002","52","22","IDEPT5109"
"IU573587","1/1/1977","5/16/2012","47","12","IDEPT1533"
"IU567359","5/13/1981","3/16/2000","43","24","IDEPT6347"
"IU967211","2/10/1977","4/18/2008","47","16","IDEPT8313"
"IU861400","7/27/1980","1/6/2005","44","19","IDEPT4670"
"IU272917","10/6/1990","9/22/2010","34","14","IDEPT3115"
"IU414718","2/23/1984","1/5/2000","40","24","IDEPT4938"
"IU823705","12/9/1979","11/9/2002","44","21","IDEPT4670"
"IU933244","12/28/1991","4/5/2001","32","23","IDEPT1142"
"IU911746","6/30/1979","4/27/2014","45","10","IDEPT5528"
"IU216929","1/9/1993","2/7/2004","31","20","IDEPT1388"
"IU278688","12/28/1979","10/23/2011","44","11","IDEPT4670"
"IU533233","6/14/1980","7/20/1999","44","25","IDEPT4132"
"IU603202","7/26/1987","12/29/2004","37","19","IDEPT5408"
"IU982994","12/21/1974","8/27/2002","49","22","IDEPT8379"
"IU570214","8/12/1984","9/1/2009","40","15","IDEPT5881"
"IU683287","10/2/1992","1/28/2010","32","14","IDEPT2425"
"IU330110","11/25/1992","6/10/2008","31","16","IDEPT2357"
"IU800340","4/24/1972","5/6/2011","52","13","IDEPT5408"
"IU892357","4/25/1970","4/15/2007","54","17","IDEPT5109"
"IU358048","10/2/1992","9/21/2005","32","19","IDEPT7783"
"IU747393","4/3/1983","8/22/2007","41","17","IDEPT4670"
"IU383656","6/26/1994","4/23/2001","30","23","IDEPT1533"
"IU725181","7/10/1982","2/24/2001","42","23","IDEPT1677"
"IU312786","2/1/1992","9/18/2001","32","23","IDEPT3778"
"IU889347","12/30/1971","10/24/2005","52","17","IDEPT8598"
"IU184696","1/11/1987","9/24/2003","37","21","IDEPT7626"
"IU564750","10/24/1988","4/2/2009","34","15","IDEPT7783"
"IU498964","6/3/1972","6/24/2007","52","17","IDEPT1537"
"IU268125","9/19/1988","8/27/2009","36","15","IDEPT3115"
"IU881669","7/17/1978","5/18/2004","46","20","IDEPT2357"
"IU312832","11/4/1980","12/24/2012","43","11","IDEPT4670"
"IU362922","6/19/1987","9/26/2001","37","23","IDEPT6347"
"IU185367","4/2/1971","4/22/2001","53","23","IDEPT7005"
"IU292300","10/15/1987","2/8/2014","37","10","IDEPT1825"
"IU428107","6/23/1991","6/17/2004","33","20","IDEPT1615"
"IU292460","7/12/1990","2/24/2005","34","19","IDEPT7005"
"IU647093","9/18/1992","4/6/2001","32","23","IDEPT1142"
"IU685928","8/11/1988","8/29/2000","36","24","IDEPT8598"
"IU621337","8/30/1976","3/30/2006","48","18","IDEPT4055"
"IU172247","5/23/1971","2/26/2005","53","19","IDEPT3778"
"IU452249","6/3/1991","7/6/2001","33","23","IDEPT8313"
"IU369201","1/21/1972","11/19/2007","52","16","IDEPT5881"
"IU809115","2/1/1973","6/20/2001","51","23","IDEPT8313"
"IU262644","7/26/1992","5/12/2013","32","11","IDEPT7783"
"IU674728","6/21/1970","1/22/2001","54","23","IDEPT8598"
"IU978644","11/16/1986","11/19/2009","37","14","IDEPT2601"
"IU366586","8/24/1975","6/17/2006","49","18","IDEPT5109"
"IU633408","2/14/1982","4/2/2007","42","17","IDEPT1367"
"IU917540","12/18/1978","6/18/2004","45","20","IDEPT5881"
"IU430993","10/11/1990","1/26/2003","34","21","IDEPT2054"
"IU239143","12/15/1987","7/21/2009","36","15","IDEPT1533"
"IU989035","1/13/1971","6/8/2011","53","13","IDEPT1537"
"IU855598","2/8/1986","2/11/2003","38","21","IDEPT5528"
"IU738031","3/17/1989","7/1/2005","35","19","IDEPT4055"
"IU444951","7/5/1983","11/23/2000","41","23","IDEPT2601"
"IU783461","5/6/1971","1/25/2007","53","17","IDEPT1378"
"IU212636","9/20/1993","2/27/2003","31","21","IDEPT6347"
"IU465873","10/15/1969","11/12/2008","55","15","IDEPT2054"
"IU469222","5/25/1985","4/28/2013","39","11","IDEPT5881"
"IU689487","6/17/1984","1/6/2014","40","10","IDEPT5881"
"IU621925","8/10/1972","3/20/2002","52","22","IDEPT5127"
"IU911771","9/13/1971","6/16/2014","53","10","IDEPT1423"
"IU702448","12/14/1985","6/4/2005","38","19","IDEPT2357"
"IU772006","12/4/1988","12/23/2003","35","20","IDEPT5881"
"IU973982","12/24/1985","8/18/2010","38","14","IDEPT4132"
"IU444712","9/15/1991","3/10/2004","33","20","IDEPT5528"
"IU207584","12/14/1990","1/3/2011","33","13","IDEPT2425"
"IU885654","4/16/1983","4/14/2008","41","16","IDEPT1388"
"IU609673","2/3/1982","8/8/2000","42","24","IDEPT5528"
"IU209964","5/4/1976","5/19/2002","48","22","IDEPT1142"
"IU311953","5/16/1982","11/5/2007","42","16","IDEPT5109"
"IU184371","4/3/1988","1/24/2010","36","14","IDEPT8313"
"IU214879","6/21/1988","12/10/2008","36","15","IDEPT7626"
"IU834269","4/24/1976","10/18/2000","48","24","IDEPT5528"
"IU201665","11/8/1988","7/22/2013","35","11","IDEPT1423"
"IU754097","2/4/1994","5/20/2014","30","10","IDEPT8598"
"IU281793","6/6/1970","1/25/2002","54","22","IDEPT8598"
"IU523913","1/8/1992","12/11/2005","32","18","IDEPT5528"
"IU619477","10/12/1982","4/5/2014","42","10","IDEPT1615"
"IU460526","9/20/1993","1/27/2005","31","19","IDEPT4938"
"IU605873","5/30/1990","7/31/2003","34","21","IDEPT8379"
"IU291184","6/21/1991","3/3/2010","33","14","IDEPT1537"
"IU758967","6/18/1984","12/3/2010","40","13","IDEPT2054"
"IU136562","7/25/1988","5/17/2003","36","21","IDEPT6347"
"IU265603","12/26/1973","9/3/2009","50","15","IDEPT3778"
"IU347145","3/2/1973","6/20/2013","51","11","IDEPT8379"
"IU713573","12/27/1985","5/12/2003","38","21","IDEPT8598"
"IU419541","6/25/1988","5/10/2001","36","23","IDEPT1825"
"IU342000","6/4/1985","2/26/2007","39","17","IDEPT3115"
"IU508884","6/20/1974","11/24/2004","50","19","IDEPT1367"
"IU820593","6/27/1994","9/20/1999","30","25","IDEPT2425"
"IU773440","5/4/1989","3/12/2000","35","24","IDEPT5881"
"IU149457","10/12/1986","4/4/2000","38","24","IDEPT4938"
"IU745611","4/22/1985","4/25/2010","39","14","IDEPT3062"
"IU808348","12/14/1969","2/23/2001","54","23","IDEPT3062"
"IU216145","10/13/1993","4/29/2006","31","18","IDEPT1378"
"IU244735","9/5/1991","12/30/2010","33","13","IDEPT5881"
"IU328947","2/7/1985","12/7/2002","39","21","IDEPT7005"
"IU756505","2/21/1983","7/25/2009","41","15","IDEPT4132"
"IU933212","3/8/1982","9/1/2001","42","23","IDEPT7005"
"IU849945","6/7/1972","1/29/2008","52","16","IDEPT5109"
"IU843284","3/19/1981","7/8/2013","43","11","IDEPT1423"
"IU161728","11/23/1973","11/6/2011","50","12","IDEPT3062"
"IU222518","5/10/1987","8/25/2002","37","22","IDEPT1378"
"IU328218","1/11/1976","1/13/2005","48","19","IDEPT1423"
"IU363158","8/1/1970","2/14/2014","54","10","IDEPT5127"
"IU766289","3/19/1979","4/2/2000","45","24","IDEPT8313"
"IU724113","3/9/1971","12/22/2004","53","19","IDEPT8313"
"IU777548","12/31/1987","10/20/2009","36","13","IDEPT4055"
"IU716739","5/30/1979","5/15/2007","45","17","IDEPT8598"
"IU346406","3/2/1990","9/10/2008","34","16","IDEPT1367"
"IU123688","11/19/1981","9/30/2010","42","14","IDEPT4670"
"IU147959","2/23/1977","5/12/2003","47","21","IDEPT4938"
"IU355955","1/16/1976","1/27/2008","48","16","IDEPT8313"
"IU370004","8/1/1978","3/28/2014","46","10","IDEPT7005"
"IU469282","2/15/1983","5/2/2008","41","16","IDEPT1388"
"IU239081","12/2/1991","11/12/2002","32","21","IDEPT1537"
"IU819618","12/22/1974","12/17/2003","49","20","IDEPT8379"
"IU701692","9/12/1988","3/26/2010","36","14","IDEPT3062"
"IU127170","10/23/1990","7/13/2008","32","16","IDEPT7783"
"IU637845","11/11/1973","2/16/2001","50","23","IDEPT3115"
"IU847613","10/17/1975","2/9/2007","49","17","IDEPT3062"
"IU325646","12/16/1985","6/13/2012","38","12","IDEPT3115"
"IU127182","10/11/1982","3/17/2009","42","15","IDEPT4938"
"IU921974","4/22/1980","4/20/2006","44","18","IDEPT1677"
"IU719669","3/15/1971","9/8/2007","53","17","IDEPT1615"
"IU843807","10/20/1977","9/21/2002","45","22","IDEPT8379"
"IU922538","11/5/1990","8/29/2010","33","14","IDEPT7783"
"IU834872","12/18/1984","6/29/2001","39","23","IDEPT5528"
"IU659166","8/18/1992","4/27/2007","32","17","IDEPT1615"
"IU650599","10/10/1973","7/3/2004","51","20","IDEPT5528"
"IU477466","1/29/1979","7/7/2013","45","11","IDEPT3115"
"IU806804","12/26/1973","6/27/2004","50","20","IDEPT4670"
"IU238243","5/26/1982","7/18/2009","42","15","IDEPT4670"
"IU656557","9/29/1973","2/8/2007","51","17","IDEPT7783"
"IU559726","8/1/1981","12/16/2012","43","11","IDEPT1537"
"IU749926","2/17/1979","1/14/2012","45","12","IDEPT2054"
"IU505256","7/12/1974","3/14/2011","50","13","IDEPT1533"
"IU739904","9/3/1985","11/2/2000","39","23","IDEPT3778"
"IU932895","1/4/1979","1/22/2002","45","22","IDEPT5127"
"IU407811","10/16/1976","3/8/2014","48","10","IDEPT1388"
"IU302696","12/10/1979","8/22/2005","44","19","IDEPT6347"
"IU143571","2/24/1978","4/6/2002","46","22","IDEPT5109"
"IU740565","1/28/1980","8/15/2003","44","21","IDEPT5881"
"IU801417","9/20/1992","8/8/2001","32","23","IDEPT7005"
"IU541306","10/24/1982","3/21/2006","40","18","IDEPT7626"
"IU824288","5/16/1971","10/31/2005","53","17","IDEPT1677"
"IU702525","4/26/1971","10/15/2007","53","17","IDEPT1378"
"IU703636","11/5/1993","5/1/2012","30","12","IDEPT3868"
"IU337472","7/21/1982","11/12/2013","42","10","IDEPT3868"
"IU799516","2/15/1970","7/6/2011","54","13","IDEPT4132"
"IU207253","1/4/1977","8/26/2000","47","24","IDEPT8598"
"IU870184","4/13/1978","3/1/2011","46","13","IDEPT3062"
"IU130291","11/15/1993","9/18/2012","30","12","IDEPT2601"
"IU260748","6/5/1980","5/14/2011","44","13","IDEPT2601"
"IU708882","11/9/1980","7/27/2010","43","14","IDEPT3115"
"IU542930","9/16/1990","3/26/2011","34","13","IDEPT1423"
"IU703243","12/25/1992","1/6/2001","31","23","IDEPT1388"
"IU606698","8/7/1983","10/21/2008","41","14","IDEPT2425"
"IU239841","1/15/1971","1/7/2008","53","16","IDEPT8598"
"IU306943","1/4/1987","12/17/2011","37","12","IDEPT5109"
"IU687116","1/22/1988","2/19/2001","36","23","IDEPT5881"
"IU527521","11/13/1993","3/9/2006","30","18","IDEPT8313"
"IU779542","10/14/1969","8/20/1999","55","25","IDEPT4938"
"IU539247","4/26/1994","6/23/2006","30","18","IDEPT8379"
"IU437570","6/27/1984","6/11/2003","40","21","IDEPT7626"
"IU750441","7/23/1976","7/30/2007","48","17","IDEPT7626"
"IU647159","11/23/1990","11/18/2002","33","21","IDEPT4132"
"IU757212","5/6/1978","4/11/2008","46","16","IDEPT8598"
"IU653513","2/14/1989","9/23/2005","35","19","IDEPT1367"
"IU572652","8/27/1972","9/3/2008","52","16","IDEPT8598"
"IU454140","6/30/1973","11/24/2001","51","22","IDEPT4670"
"IU308087","6/29/1981","3/21/2014","43","10","IDEPT5881"
"IU657759","3/1/1990","8/8/2013","34","11","IDEPT2357"
"IU938965","6/2/1974","3/24/2004","50","20","IDEPT5528"
"IU329659","9/23/1978","4/5/2004","46","20","IDEPT4055"
"IU344368","11/1/1985","9/15/2011","38","13","IDEPT3115"
"IU864819","10/23/1969","11/25/2012","53","11","IDEPT5408"
"IU360490","8/31/1989","7/2/2000","35","24","IDEPT2425"
"IU605773","2/6/1994","3/1/2012","30","12","IDEPT1142"
"IU599911","7/20/1972","3/1/2008","52","16","IDEPT2357"
"IU720734","9/7/1969","10/29/2001","55","21","IDEPT4055"
"IU274936","2/27/1976","4/8/2002","48","22","IDEPT3115"
"IU552022","9/29/1984","7/24/2001","40","23","IDEPT5881"
"IU474647","7/28/1970","7/15/2010","54","14","IDEPT2357"
"IU321200","11/25/1982","12/16/2012","41","11","IDEPT1533"
"IU209716","4/7/1982","9/8/2004","42","20","IDEPT1423"
"IU205005","10/17/1972","8/23/2004","52","20","IDEPT8313"
"IU507952","12/13/1993","8/28/1999","30","25","IDEPT2054"
"IU222618","10/29/1977","7/13/2013","45","11","IDEPT3115"
"IU480985","2/28/1975","7/29/2010","49","14","IDEPT1825"
"IU896446","11/14/1980","3/11/2010","43","14","IDEPT7783"
"IU751204","9/30/1992","2/10/2014","32","10","IDEPT1615"
"IU953296","11/16/1969","8/10/2012","54","12","IDEPT2357"
"IU366150","12/14/1970","9/28/1999","53","25","IDEPT1378"
"IU906960","3/25/1975","10/28/2009","49","13","IDEPT3062"
"IU320638","3/2/1987","1/25/2004","37","20","IDEPT1378"
"IU438036","4/8/1991","10/14/2011","33","13","IDEPT2357"
"IU821055","4/11/1976","8/18/2002","48","22","IDEPT5408"
"IU700570","3/19/1978","6/2/2001","46","23","IDEPT1367"
"IU401807","12/10/1982","8/12/2013","41","11","IDEPT4670"
"IU655888","1/9/1976","5/22/2002","48","22","IDEPT5881"
"IU622700","6/17/1987","2/10/2003","37","21","IDEPT1825"
"IU244911","1/21/1970","7/31/2003","54","21","IDEPT5881"
"IU585698","9/29/1986","2/13/2010","38","14","IDEPT5109"
"IU304862","11/29/1981","12/31/2012","42","11","IDEPT1537"
"IU227298","9/25/1988","12/5/2013","36","10","IDEPT1388"
"IU162287","11/28/1971","3/27/2013","52","11","IDEPT5881"
"IU677671","8/9/1991","6/15/2012","33","12","IDEPT3868"
"IU660707","8/7/1981","5/28/2002","43","22","IDEPT8379"
"IU258650","9/5/1969","9/29/2007","55","17","IDEPT2054"
"IU809461","5/13/1984","10/24/2003","40","19","IDEPT6347"
"IU861866","10/20/1978","8/9/2004","44","20","IDEPT6347"
"IU156957","7/17/1991","11/15/2007","33","16","IDEPT4132"
"IU617610","11/7/1973","3/14/2001","50","23","IDEPT1825"
"IU512234","4/8/1981","2/5/2005","43","19","IDEPT3868"
"IU535717","4/25/1987","5/16/2009","37","15","IDEPT5408"
"IU397061","8/26/1970","10/23/2007","54","15","IDEPT2357"
"IU563147","8/11/1970","4/5/2003","54","21","IDEPT5109"
"IU808795","4/13/1979","12/8/2013","45","10","IDEPT5528"
"IU630673","7/20/1981","4/9/2004","43","20","IDEPT5109"
"IU320251","12/5/1989","8/19/2001","34","23","IDEPT7626"
"IU262292","5/8/1975","10/11/1999","49","25","IDEPT2357"
"IU339694","9/28/1991","3/1/2005","33","19","IDEPT1677"
"IU533955","8/16/1970","7/29/2001","54","23","IDEPT7783"
"IU516918","5/17/1980","1/13/2007","44","17","IDEPT5109"
"IU337123","12/2/1971","10/25/2009","52","13","IDEPT2425"
"IU528605","5/21/1977","3/25/2003","47","21","IDEPT2054"
"IU980189","5/11/1988","10/28/2001","36","21","IDEPT4055"
"IU518359","8/19/1986","5/24/2010","38","14","IDEPT1537"
"IU872566","3/15/1977","5/14/2004","47","20","IDEPT1677"
"IU163495","4/8/1972","4/1/2006","52","18","IDEPT4132"
"IU471619","3/22/1971","12/14/2000","53","23","IDEPT1388"
"IU627593","11/15/1976","7/1/2014","47","10","IDEPT1677"
"IU832906","8/14/1991","7/22/2002","33","22","IDEPT2601"
"IU814496","9/24/1986","7/4/2003","38","21","IDEPT5127"
"IU977874","1/14/1992","5/30/2003","32","21","IDEPT8379"
"IU726374","6/16/1985","3/14/2012","39","12","IDEPT5127"
"IU265303","6/21/1983","3/18/2006","41","18","IDEPT3778"
"IU223337","4/25/1980","4/18/2005","44","19","IDEPT4938"
"IU520521","9/6/1984","3/16/2009","40","15","IDEPT1378"
"IU528239","7/13/1991","2/11/2012","33","12","IDEPT5408"
"IU289913","10/11/1978","3/13/2007","46","17","IDEPT4132"
"IU991192","5/8/1993","12/23/2010","31","13","IDEPT2601"
"IU530916","1/21/1994","3/21/2004","30","20","IDEPT1423"
"IU330488","6/5/1982","9/3/2011","42","13","IDEPT4055"
"IU965862","4/21/1983","7/7/2006","41","18","IDEPT1615"
"IU675172","6/18/1985","9/21/2003","39","21","IDEPT7005"
"IU528851","10/5/1990","12/9/2000","34","23","IDEPT7005"
"IU973666","1/17/1976","11/9/2005","48","18","IDEPT1533"
"IU592455","8/14/1985","3/29/2007","39","17","IDEPT1825"
"IU764193","6/8/1988","12/21/2001","36","22","IDEPT8598"
"IU740074","10/29/1987","11/9/2013","35","10","IDEPT1677"
"IU862023","5/12/1973","2/10/2008","51","16","IDEPT5408"
"IU877564","6/24/1975","9/19/2013","49","11","IDEPT2054"
"IU329440","9/24/1970","3/10/2000","54","24","IDEPT5528"
"IU971589","1/27/1984","12/20/2009","40","14","IDEPT1825"
"IU927296","7/30/1987","11/21/2012","37","11","IDEPT5408"
"IU832084","5/5/1986","8/21/1999","38","25","IDEPT4670"
"IU810218","11/25/1970","12/20/2002","53","21","IDEPT3062"
"IU120978","9/21/1992","10/17/2006","32","18","IDEPT2054"
"IU167665","11/11/1976","9/7/2006","47","18","IDEPT1677"
"IU672768","12/1/1976","6/7/2001","47","23","IDEPT5408"
"IU991869","11/22/1990","6/29/2006","33","18","IDEPT3115"
"IU397520","4/1/1986","10/14/2004","38","20","IDEPT5127"
"IU996380","5/30/1987","7/29/2010","37","14","IDEPT8313"
"IU498691","3/16/1991","4/16/2000","33","24","IDEPT4055"
"IU433572","2/23/1973","4/26/2008","51","16","IDEPT1677"
"IU805446","10/1/1976","11/26/2004","48","19","IDEPT5528"
"IU893923","4/28/1981","2/12/2014","43","10","IDEPT1533"
"IU170453","1/26/1991","3/9/2012","33","12","IDEPT3868"
"IU280558","8/27/1992","3/23/2010","32","14","IDEPT3868"
"IU152086","4/13/1980","3/24/2003","44","21","IDEPT8598"
"IU767531","2/1/1980","10/1/2008","44","16","IDEPT1533"
"IU714639","1/15/1974","9/20/2007","50","17","IDEPT1825"
"IU803409","12/14/1987","4/19/2004","36","20","IDEPT1423"
"IU116135","1/10/1993","2/19/2002","31","22","IDEPT4055"
"IU401466","10/5/1975","2/3/2006","49","18","IDEPT2425"
"IU651719","11/3/1983","4/21/2002","40","22","IDEPT1537"
"IU322269","10/25/1980","8/19/2003","42","21","IDEPT4938"
"IU788355","4/9/1990","4/3/2013","34","11","IDEPT1537"
"IU745851","1/18/1976","10/21/2010","48","12","IDEPT3868"
"IU405429","4/16/1979","4/18/2001","45","23","IDEPT1388"
"IU416137","1/3/1990","5/24/2004","34","20","IDEPT7783"
"IU672206","1/20/1994","5/31/2002","30","22","IDEPT1537"
"IU809489","1/8/1982","8/1/2007","42","17","IDEPT1142"
"IU748262","6/28/1992","7/24/2010","32","14","IDEPT4132"
"IU173043","7/16/1977","11/5/2013","47","10","IDEPT2601"
"IU530057","5/6/1970","1/13/2002","54","22","IDEPT4670"
"IU834469","9/22/1976","7/11/2008","48","16","IDEPT1825"
"IU890155","12/19/1990","11/16/2002","33","21","IDEPT8313"
"IU476431","11/6/1975","12/23/2008","48","15","IDEPT4670"
"IU329506","4/24/1974","5/18/2004","50","20","IDEPT7783"
"IU593762","6/8/1992","3/19/2003","32","21","IDEPT4132"
"IU662779","6/10/1992","9/23/2000","32","24","IDEPT3115"
"IU574759","10/9/1984","11/16/2004","40","19","IDEPT2601"
"IU730631","10/27/1981","11/16/2000","41","23","IDEPT1378"
"IU437482","9/6/1978","3/8/2013","46","11","IDEPT2054"
"IU239453","7/9/1992","7/1/2000","32","24","IDEPT1423"
"IU615357","3/10/1990","12/28/2009","34","14","IDEPT3778"
"IU122113","11/14/1978","5/17/2014","45","10","IDEPT3062"
"IU374659","8/27/1974","6/5/2001","50","23","IDEPT1537"
"IU918128","10/4/1990","1/29/2010","34","14","IDEPT7783"
"IU985522","8/25/1989","5/19/2012","35","12","IDEPT5408"
"IU123206","3/8/1976","8/5/2011","48","13","IDEPT2357"
"IU681151","5/18/1972","3/22/2003","52","21","IDEPT1533"
"IU984266","9/23/1987","12/12/2002","37","21","IDEPT4670"
"IU241505","8/10/1972","10/1/2003","52","21","IDEPT2054"
"IU821602","8/24/1993","10/11/2009","31","15","IDEPT3062"
"IU420409","1/5/1978","9/11/2012","46","12","IDEPT1142"
"IU177348","12/20/1984","9/25/2013","39","11","IDEPT5127"
"IU232814","7/9/1977","8/13/2013","47","11","IDEPT7783"
"IU271787","7/15/1991","2/18/2010","33","14","IDEPT8598"
"IU887400","12/10/1979","10/4/2010","44","14","IDEPT2357"
"IU151161","12/30/1973","7/10/2008","50","16","IDEPT1388"
"IU400616","5/3/1992","10/5/1999","32","25","IDEPT1367"
"IU448523","2/24/1987","10/16/2005","37","19","IDEPT1615"
"IU201629","6/9/1983","7/6/2001","41","23","IDEPT8379"
"IU984907","4/9/1978","4/17/2000","46","24","IDEPT7005"
"IU624254","5/1/1977","7/15/2001","47","23","IDEPT1142"
"IU707322","6/29/1982","10/2/2007","42","17","IDEPT3062"
"IU660412","2/10/1984","2/3/2000","40","24","IDEPT3062"
"IU794124","8/28/1970","2/11/2007","54","17","IDEPT4132"
"IU253971","5/6/1979","1/11/2004","45","20","IDEPT3778"
"IU200572","1/16/1973","3/24/2000","51","24","IDEPT6347"
"IU150435","5/14/1975","6/26/2003","49","21","IDEPT8598"
"IU891757","1/29/1979","4/8/2003","45","21","IDEPT2054"
"IU961133","8/27/1990","9/28/1999","34","25","IDEPT1537"
"IU762876","10/24/1969","1/10/2003","53","21","IDEPT1388"
"IU603954","7/30/1970","2/18/2013","54","11","IDEPT1378"
"IU713337","11/28/1969","5/4/2011","54","13","IDEPT4670"
"IU953204","12/7/1983","7/14/2003","40","21","IDEPT4055"
"IU521061","6/14/1985","12/25/2012","39","11","IDEPT8313"
"IU627771","1/9/1972","8/12/2003","52","21","IDEPT2054"
"IU341894","2/17/1980","8/20/2002","44","22","IDEPT1677"
"IU586896","10/23/1970","3/24/2012","52","12","IDEPT1423"
"IU776330","1/14/1977","5/16/2002","47","22","IDEPT7005"
"IU890815","10/2/1977","9/6/2003","47","21","IDEPT1367"
"IU671826","6/5/1983","3/5/2014","41","10","IDEPT6347"
"IU791752","11/29/1970","6/6/2011","53","13","IDEPT6347"
"IU170358","6/25/1979","4/27/2006","45","18","IDEPT5127"
"IU654067","8/12/1992","11/22/2002","32","21","IDEPT2425"
"IU650118","7/21/1985","12/30/2004","39","19","IDEPT1388"
"IU843036","3/10/1993","6/7/2012","31","12","IDEPT5408"
"IU929942","2/13/1993","2/18/2008","31","16","IDEPT2357"
"IU517401","12/24/1975","6/1/2010","48","14","IDEPT1423"
"IU285869","4/24/1982","9/23/2007","42","17","IDEPT5528"
"IU619858","2/10/1991","1/26/2005","33","19","IDEPT1378"
"IU304401","9/18/1985","6/20/2004","39","20","IDEPT1825"
"IU116424","11/5/1975","4/22/2005","48","19","IDEPT1423"
"IU602103","8/29/1987","10/21/2000","37","22","IDEPT2054"
"IU317964","10/8/1975","3/24/2005","49","19","IDEPT7005"
"IU543375","1/28/1979","10/17/2011","45","13","IDEPT8313"
"IU555661","11/2/1982","6/11/2006","41","18","IDEPT2425"
"IU713736","8/6/1985","10/6/2010","39","14","IDEPT8313"
"IU673007","8/14/1973","9/10/2001","51","23","IDEPT8313"
"IU379853","8/23/1989","11/11/2012","35","11","IDEPT5408"
"IU444477","10/25/1969","9/27/2007","53","17","IDEPT7005"
"IU935219","8/26/1990","12/28/2002","34","21","IDEPT7626"
"IU964095","12/22/1984","11/19/2012","39","11","IDEPT3115"
"IU472107","5/11/1982","1/12/2003","42","21","IDEPT3062"
"IU399885","12/22/1986","8/24/2000","37","24","IDEPT1825"
"IU873858","6/11/1986","6/21/2000","38","24","IDEPT3778"
"IU578559","10/22/1992","1/22/2002","30","22","IDEPT1423"
"IU476264","4/29/1993","12/21/2006","31","17","IDEPT4132"
"IU906317","5/1/1985","11/7/2009","39","14","IDEPT5408"
"IU206494","6/21/1977","3/1/2008","47","16","IDEPT1677"
"IU613957","9/3/1970","7/4/2010","54","14","IDEPT1378"
"IU303373","9/12/1978","5/12/2003","46","21","IDEPT1825"
"IU910844","3/16/1983","11/29/2008","41","15","IDEPT1367"
"IU733295","9/2/1986","10/4/2007","38","17","IDEPT1423"
"IU359720","8/2/1989","2/13/2004","35","20","IDEPT7626"
"IU507081","9/29/1978","10/11/2000","46","24","IDEPT8379"
"IU250094","8/24/1987","3/8/2006","37","18","IDEPT5408"
"IU929775","6/22/1994","9/2/2009","30","15","IDEPT4670"
"IU617264","6/9/1974","4/9/2007","50","17","IDEPT8598"
"IU200457","5/1/1983","7/30/1999","41","25","IDEPT5127"
"IU980084","7/4/1976","1/22/2012","48","12","IDEPT7783"
"IU352515","12/2/1990","11/23/2002","33","21","IDEPT6347"
"IU623351","2/24/1981","7/26/2000","43","24","IDEPT7005"
"IU194684","10/28/1989","7/9/2007","33","17","IDEPT5127"
"IU998793","10/17/1969","3/14/2000","55","24","IDEPT2425"
"IU371068","9/9/1979","1/31/2007","45","17","IDEPT1378"
"IU552382","8/9/1975","11/2/2010","49","13","IDEPT7005"
"IU143787","8/30/1969","1/30/2007","55","17","IDEPT3868"
"IU909818","1/14/1971","5/9/2005","53","19","IDEPT3062"
"IU287527","5/18/1984","2/5/2002","40","22","IDEPT7626"
"IU613561","8/23/1977","11/17/2010","47","13","IDEPT3868"
"IU758488","4/21/1993","5/18/2001","31","23","IDEPT8379"
"IU585322","8/12/1990","8/25/1999","34","25","IDEPT2054"
"IU242030","6/8/1970","5/20/2010","54","14","IDEPT8313"
"IU730124","1/4/1978","10/26/2011","46","11","IDEPT2357"
"IU862686","7/28/1980","9/23/2006","44","18","IDEPT8598"
"IU931024","1/10/1984","10/26/2012","40","10","IDEPT1388"
"IU683803","11/26/1971","3/12/2011","52","13","IDEPT1677"
"IU616328","3/17/1973","3/28/2010","51","14","IDEPT1378"
"IU510723","9/9/1980","5/6/2001","44","23","IDEPT8313"
"IU553615","11/21/1977","5/22/2014","46","10","IDEPT3778"
"IU114836","3/24/1985","9/23/2007","39","17","IDEPT2601"
"IU867116","9/21/1978","2/27/2000","46","24","IDEPT2054"
"IU935818","11/29/1980","12/21/2009","43","14","IDEPT2601"
"IU317917","2/12/1973","4/26/2006","51","18","IDEPT4132"
"IU556938","10/26/1982","10/6/2003","40","21","IDEPT5109"
"IU744313","10/12/1986","6/24/2009","38","15","IDEPT7626"
"IU849114","4/17/1993","11/1/2010","31","13","IDEPT3062"
"IU625000","11/29/1987","12/17/2009","36","14","IDEPT1367"
"IU919255","4/2/1986","10/22/2010","38","12","IDEPT4055"
"IU486083","10/11/1981","3/16/2001","43","23","IDEPT4055"
"IU219101","3/16/1992","6/19/2005","32","19","IDEPT1825"
"IU697995","9/27/1979","12/12/1999","45","24","IDEPT1537"
"IU826801","10/27/1982","8/24/2010","40","14","IDEPT5528"
"IU234435","4/22/1976","3/9/2013","48","11","IDEPT1537"
"IU413103","7/30/1983","6/26/2012","41","12","IDEPT1825"
"IU168378","10/28/1990","3/14/2007","32","17","IDEPT3062"
"IU808018","12/25/1987","7/19/2003","36","21","IDEPT7783"
"IU377229","9/10/1984","5/8/2010","40","14","IDEPT1537"
"IU570965","10/7/1975","2/10/2004","49","20","IDEPT1423"
"IU875236","3/4/1977","2/21/2010","47","14","IDEPT3115"
"IU823846","6/16/1985","4/6/2011","39","13","IDEPT7005"
"IU369141","11/15/1989","4/26/2014","34","10","IDEPT4670"
"IU336214","6/5/1991","1/4/2005","33","19","IDEPT4670"
"IU752472","4/20/1977","1/4/2011","47","13","IDEPT5881"
"IU964058","2/20/1984","2/2/2006","40","18","IDEPT1677"
"IU653069","9/4/1983","1/13/2001","41","23","IDEPT2425"
"IU274479","3/21/1979","8/26/2013","45","11","IDEPT1423"
"IU359728","6/28/1980","1/27/2003","44","21","IDEPT4938"
"IU470744","11/1/1977","3/25/2012","46","12","IDEPT1142"
"IU612475","2/22/1989","10/25/2013","35","9","IDEPT4132"
"IU590434","3/7/1988","10/18/2003","36","21","IDEPT2054"
"IU907621","9/10/1983","4/30/2002","41","22","IDEPT2357"
"IU816094","12/1/1983","1/3/2004","40","20","IDEPT3062"
"IU301584","2/18/1988","11/1/2003","36","20","IDEPT7626"
"IU400785","7/17/1978","5/11/2000","46","24","IDEPT7005"
"IU701574","2/25/1972","6/5/2013","52","11","IDEPT8379"
"IU348623","7/21/1971","5/20/2002","53","22","IDEPT1825"
"IU805948","9/23/1991","4/25/2000","33","24","IDEPT1825"
"IU436324","1/17/1994","3/6/2010","30","14","IDEPT5408"
"IU647516","11/18/1984","9/8/2000","39","24","IDEPT1367"
"IU543975","1/18/1971","12/30/2006","53","17","IDEPT7005"
"IU378028","7/2/1973","12/21/2005","51","18","IDEPT4938"
"IU824346","1/16/1979","2/14/2014","45","10","IDEPT3115"
"IU869235","10/31/1969","3/22/2002","53","22","IDEPT5109"
"IU566285","2/21/1985","9/27/2004","39","20","IDEPT2357"
"IU251361","4/22/1979","7/30/2012","45","12","IDEPT8598"
"IU790540","10/24/1974","9/24/2007","48","17","IDEPT3778"
"IU207673","5/6/1989","1/20/2011","35","13","IDEPT5528"
"IU877680","8/18/1982","2/13/2007","42","17","IDEPT4132"
"IU749422","11/4/1980","9/9/2007","43","17","IDEPT1367"
"IU245300","10/17/1983","4/13/2002","41","22","IDEPT5127"
"IU476083","5/18/1976","3/23/2005","48","19","IDEPT7783"
"IU866402","5/19/1972","5/16/2013","52","11","IDEPT3868"
"IU879726","4/19/1977","7/8/2002","47","22","IDEPT1533"
"IU572615","1/4/1986","10/29/2010","38","12","IDEPT1142"
"IU529594","2/6/1976","12/5/2004","48","19","IDEPT4670"
"IU602409","6/2/1975","5/14/2011","49","13","IDEPT4132"
"IU528393","1/25/1979","6/17/2013","45","11","IDEPT1388"
"IU915290","5/28/1987","1/6/2001","37","23","IDEPT3778"
"IU617258","8/22/1974","11/26/2001","50","22","IDEPT1537"
"IU440707","2/27/1993","2/15/2006","31","18","IDEPT5109"
"IU112687","6/18/1982","9/3/2012","42","12","IDEPT5127"
"IU479810","2/12/1992","11/14/2003","32","20","IDEPT8379"
"IU303187","10/7/1972","10/23/1999","52","23","IDEPT2357"
"IU242313","3/8/1976","6/11/2012","48","12","IDEPT2054"
"IU531414","9/18/1993","3/24/2009","31","15","IDEPT4055"
"IU227668","2/20/1985","11/8/2005","39","18","IDEPT8598"
"IU528779","6/13/1985","11/6/1999","39","24","IDEPT3062"
"IU874473","2/6/1984","11/15/1999","40","24","IDEPT7783"
"IU800953","9/17/1970","12/5/2002","54","21","IDEPT1677"
